adam,benko,adam.benko@spsnmnv.sk,SK
adam,beranek,adam.beranek@spsnmnv.sk,SK
adam,dragoun,adam.dragoun@spsnmnv.sk,SK
adam,gono,adam.gono@spsnmnv.sk,SK
adam,husar,adam.husar@spsnmnv.sk,SK
adam,kmet,adam.kmet@spsnmnv.sk,SK
adam,kopun,adam.kopun@spsnmnv.sk,SK
adam,kovac,adam.kovac@spsnmnv.sk,SK
adam,kovacovic,adam.kovacovic@spsnmnv.sk,SK
adam,kratochvil,adam.kratochvil@spsnmnv.sk,SK
adam,lajda,adam.lajda@spsnmnv.sk,SK
adam,malo,adam.malo@spsnmnv.sk,SK
adam,mikeska,adam.mikeska@spsnmnv.sk,SK
adam,oprchal,adam.oprchal@spsnmnv.sk,SK
adam,oravec,adam.oravec@spsnmnv.sk,SK
adam,papp,adam.papp@spsnmnv.sk,SK
adam,polesensky,adam.polesensky@spsnmnv.sk,SK
adam,pristach,adam.pristach@spsnmnv.sk,SK
adam,rybarik,adam.rybarik@spsnmnv.sk,SK
adam,sedlacek,adam.sedlacek@spsnmnv.sk,SK
adam,simko,adam.simko@spsnmnv.sk,SK
adam,skovajsa,adam.skovajsa@spsnmnv.sk,SK
adam,smolik,adam.smolik@spsnmnv.sk,SK
adam,svacho,adam.svacho@spsnmnv.sk,SK
adam,tamas,adam.tamas@spsnmnv.sk,SK
adam,vincursky,adam.vincursky@spsnmnv.sk,SK
adam,vrba,adam.vrba@spsnmnv.sk,SK
adela,cerna,adela.cerna@spsnmnv.sk,SK
adrian,garafa,adrian.garafa@spsnmnv.sk,SK
adrian,habsuda,adrian.habsuda@spsnmnv.sk,SK
adrian,havalec,adrian.havalec@spsnmnv.sk,SK
adrian,kozacek,adrian.kozacek@spsnmnv.sk,SK
adrian,matejik,adrian.matejik@spsnmnv.sk,SK
adrian,mikel,adrian.mikel@spsnmnv.sk,SK
adrian,podhradsky,adrian.podhradsky@spsnmnv.sk,SK
adrian,stauder,adrian.stauder@spsnmnv.sk,SK
adrian,toth,adrian.toth@spsnmnv.sk,SK
adrian,vasura,adrian.vasura@spsnmnv.sk,SK
adrian,vido,adrian.vido@spsnmnv.sk,SK
adrian,vojta,adrian.vojta@spsnmnv.sk,SK
adrian,vojtech,adrian.vojtech@spsnmnv.sk,SK
adrian,zavadinka,adrian.zavadinka@spsnmnv.sk,SK
adriana,pagacova,adriana.pagacova@spsnmnv.sk,SK
alena,francisciova,alena.francisciova@spsnmnv.sk,SK
alex,hanic,alex.hanic@spsnmnv.sk,SK
alex,hovorka,alex.hovorka@spsnmnv.sk,SK
alex,kovac,alex.kovac@spsnmnv.sk,SK
alex,malicek,alex.malicek@spsnmnv.sk,SK
alexander,pomsar,alexander.pomsar@spsnmnv.sk,SK
alexandra,hricova,alexandra.hricova@spsnmnv.sk,SK
alojz,janco,alojz.janco@spsnmnv.sk,SK
andrea,macova,andrea.macova@spsnmnv.sk,SK
andrea,sevcechova,andrea.sevcechova@spsnmnv.sk,SK
andrea,urickova,andrea.urickova@spsnmnv.sk,SK
andrej,neuschl,andrej.neuschl@spsnmnv.sk,SK
andrej,baca,andrej.baca@spsnmnv.sk,SK
andrej,bartek,andrej.bartek@spsnmnv.sk,SK
andrej,blaho,andrej.blaho@spsnmnv.sk,SK
andrej,bonco,andrej.bonco@spsnmnv.sk,SK
andrej,depes,andrej.depes@spsnmnv.sk,SK
andrej,dubec,andrej.dubec@spsnmnv.sk,SK
andrej,fabian,andrej.fabian@spsnmnv.sk,SK
andrej,gabas,andrej.gabas@spsnmnv.sk,SK
andrej,gago,andrej.gago@spsnmnv.sk,SK
andrej,gono,andrej.gono@spsnmnv.sk,SK
andrej,kocurik,andrej.kocurik@spsnmnv.sk,SK
andrej,kovacik,andrej.kovacik@spsnmnv.sk,SK
andrej,kukucka,andrej.kukucka@spsnmnv.sk,SK
andrej,lacko,andrej.lacko@spsnmnv.sk,SK
andrej,lacho,andrej.lacho@spsnmnv.sk,SK
andrej,popelka,andrej.popelka@spsnmnv.sk,SK
andrej,repka,andrej.repka@spsnmnv.sk,SK
andrej,sprincl,andrej.sprincl@spsnmnv.sk,SK
andrej,stefanik,andrej.stefanik@spsnmnv.sk,SK
andrej,synak,andrej.synak@spsnmnv.sk,SK
andrej,tartal,andrej.tartal@spsnmnv.sk,SK
andrej,trebaticky,andrej.trebaticky@spsnmnv.sk,SK
anna,homolova,anna.homolova@spsnmnv.sk,SK
anna,rebrova,anna.rebrova@spsnmnv.sk,SK
anna,streitzigova,anna.streitzigova@spsnmnv.sk,SK
anna,tupa,anna.tupa@spsnmnv.sk,SK
anna,kovacova,anna.kovacova@spsnmnv.sk,SK
avram,gaidos,avram.gaidos@spsnmnv.sk,SK
barbora,belanova,barbora.belanova@spsnmnv.sk,SK
barbora,cehakova,barbora.cehakova@spsnmnv.sk,SK
bazen,bazen,bazen.bazen@spsnmnv.sk,SK
beata,repkova,beata.repkova@spsnmnv.sk,SK
benjamin,kukuca,benjamin.kukuca@spsnmnv.sk,SK
bianka,majdisova,bianka.majdisova@spsnmnv.sk,SK
boris,cikel,boris.cikel@spsnmnv.sk,SK
boris,figura,boris.figura@spsnmnv.sk,SK
boris,jezik,boris.jezik@spsnmnv.sk,SK
boris,kacmar,boris.kacmar@spsnmnv.sk,SK
boris,masar,boris.masar@spsnmnv.sk,SK
boris,masarik,boris.masarik@spsnmnv.sk,SK
boris,stibranyi,boris.stibranyi@spsnmnv.sk,SK
branislav,antalik,branislav.antalik@spsnmnv.sk,SK
branislav,filo,branislav.filo@spsnmnv.sk,SK
branislav,halienka,branislav.halienka@spsnmnv.sk,SK
branislav,hradel,branislav.hradel@spsnmnv.sk,SK
branislav,knazovcik,branislav.knazovcik@spsnmnv.sk,SK
branislav,lukac,branislav.lukac@spsnmnv.sk,SK
branislav,mikus,branislav.mikus@spsnmnv.sk,SK
branislav,sarvaic,branislav.sarvaic@spsnmnv.sk,SK
damian,drobnak,damian.drobnak@spsnmnv.sk,SK
damian,kusovsky,damian.kusovsky@spsnmnv.sk,SK
damian,moravcik,damian.moravcik@spsnmnv.sk,SK
damian,pavlovic,damian.pavlovic@spsnmnv.sk,SK
dana,hromadova,dana.hromadova@spsnmnv.sk,SK
dana,cervenakova,dana.cervenakova@spsnmnv.sk,SK
daniel,dedik,daniel.dedik@spsnmnv.sk,SK
daniel,gensiniak,daniel.gensiniak@spsnmnv.sk,SK
daniel,hanzlik,daniel.hanzlik@spsnmnv.sk,SK
daniel,hletko,daniel.hletko@spsnmnv.sk,SK
daniel,hrehorovsky,daniel.hrehorovsky@spsnmnv.sk,SK
daniel,janzo,daniel.janzo@spsnmnv.sk,SK
daniel,krajcik,daniel.krajcik@spsnmnv.sk,SK
daniel,krizan,daniel.krizan@spsnmnv.sk,SK
daniel,mandinec,daniel.mandinec@spsnmnv.sk,SK
daniel,moravcik,daniel.moravcik@spsnmnv.sk,SK
daniel,mosny,daniel.mosny@spsnmnv.sk,SK
daniel,vilin,daniel.vilin@spsnmnv.sk,SK
daniel,zakovcik,daniel.zakovcik@spsnmnv.sk,SK
dario,majercak,dario.majercak@spsnmnv.sk,SK
david,bayer,david.bayer@spsnmnv.sk,SK
david,behul,david.behul@spsnmnv.sk,SK
david,cigna,david.cigna@spsnmnv.sk,SK
david,dudasik,david.dudasik@spsnmnv.sk,SK
david,komnatan,david.komnatan@spsnmnv.sk,SK
david,kotleba,david.kotleba@spsnmnv.sk,SK
david,palkech,david.palkech@spsnmnv.sk,SK
david,richweiss,david.richweiss@spsnmnv.sk,SK
david,rojkovic,david.rojkovic@spsnmnv.sk,SK
david,rosypal,david.rosypal@spsnmnv.sk,SK
david,urbanek,david.urbanek@spsnmnv.sk,SK
david,wilfert,david.wilfert@spsnmnv.sk,SK
david,zamecnik,david.zamecnik@spsnmnv.sk,SK
denis,bachar,denis.bachar@spsnmnv.sk,SK
denis,deraj,denis.deraj@spsnmnv.sk,SK
denis,didi,denis.didi@spsnmnv.sk,SK
denis,hurtik,denis.hurtik@spsnmnv.sk,SK
denis,jambor,denis.jambor@spsnmnv.sk,SK
denis,kusy,denis.kusy@spsnmnv.sk,SK
denis,lednicky,denis.lednicky@spsnmnv.sk,SK
denis,masar,denis.masar@spsnmnv.sk,SK
denis,nagy,denis.nagy@spsnmnv.sk,SK
denis,palkech,denis.palkech@spsnmnv.sk,SK
denis,pcolar,denis.pcolar@spsnmnv.sk,SK
denis,porubsky,denis.porubsky@spsnmnv.sk,SK
denisa,adamkova,denisa.adamkova@spsnmnv.sk,SK
diana,jakusova,diana.jakusova@spsnmnv.sk,SK
dominik,bucko,dominik.bucko@spsnmnv.sk,SK
dominik,bartek,dominik.bartek@spsnmnv.sk,SK
dominik,bujny,dominik.bujny@spsnmnv.sk,SK
dominik,cano,dominik.cano@spsnmnv.sk,SK
dominik,dovina,dominik.dovina@spsnmnv.sk,SK
dominik,frydecky,dominik.frydecky@spsnmnv.sk,SK
dominik,heldes,dominik.heldes@spsnmnv.sk,SK
dominik,hornacek,dominik.hornacek@spsnmnv.sk,SK
dominik,hrdlicka,dominik.hrdlicka@spsnmnv.sk,SK
dominik,husar,dominik.husar@spsnmnv.sk,SK
dominik,kasana,dominik.kasana@spsnmnv.sk,SK
dominik,kolarovsky,dominik.kolarovsky@spsnmnv.sk,SK
dominik,kovac,dominik.kovac@spsnmnv.sk,SK
dominik,malik,dominik.malik@spsnmnv.sk,SK
dominik,meravy,dominik.meravy@spsnmnv.sk,SK
dominik,miskar,dominik.miskar@spsnmnv.sk,SK
dominik,parak,dominik.parak@spsnmnv.sk,SK
dominik,skara,dominik.skara@spsnmnv.sk,SK
dominik,skoda,dominik.skoda@spsnmnv.sk,SK
dominik,trauten,dominik.trauten@spsnmnv.sk,SK
dominik,turcany,dominik.turcany@spsnmnv.sk,SK
dominik,uhrik,dominik.uhrik@spsnmnv.sk,SK
dominik,urban,dominik.urban@spsnmnv.sk,SK
dominik,zaludko,dominik.zaludko@spsnmnv.sk,SK
dominik,zamecnik,dominik.zamecnik@spsnmnv.sk,SK
dominika,rarigova,dominika.rarigova@spsnmnv.sk,SK
dominika,cabalova,dominika.cabalova@spsnmnv.sk,SK
dominika,nemsakova,dominika.nemsakova@spsnmnv.sk,SK
drahoslava,valapkova,drahoslava.valapkova@spsnmnv.sk,SK
dusan,bednarik,dusan.bednarik@spsnmnv.sk,SK
dusan,solovic,dusan.solovic@spsnmnv.sk,SK
dusan,bernadic,dusan.bernadic@spsnmnv.sk,SK
dusan,kohut,dusan.kohut@spsnmnv.sk,SK
dusan,senkarcin,dusan.senkarcin@spsnmnv.sk,SK
dusan,valek,dusan.valek@spsnmnv.sk,SK
edulogin,,edulogin.@spsnmnv.sk,SK
elena,rubaninska,elena.rubaninska@spsnmnv.sk,SK
elza,kocikova,elza.kocikova@spsnmnv.sk,SK
emil,hornacek,emil.hornacek@spsnmnv.sk,SK
emilia,filipova,emilia.filipova@spsnmnv.sk,SK
emilio,taraba,emilio.taraba@spsnmnv.sk,SK
erik,facuna,erik.facuna@spsnmnv.sk,SK
erik,gucik,erik.gucik@spsnmnv.sk,SK
erik,holota,erik.holota@spsnmnv.sk,SK
erik,jurak,erik.jurak@spsnmnv.sk,SK
erik,kucharovic,erik.kucharovic@spsnmnv.sk,SK
erik,popelusak,erik.popelusak@spsnmnv.sk,SK
erik,richweiss,erik.richweiss@spsnmnv.sk,SK
erik,sebo,erik.sebo@spsnmnv.sk,SK
erik,smolka,erik.smolka@spsnmnv.sk,SK
erik,sraj,erik.sraj@spsnmnv.sk,SK
erik,stefanovic,erik.stefanovic@spsnmnv.sk,SK
erik,surovcek,erik.surovcek@spsnmnv.sk,SK
erik,trautenberger,erik.trautenberger@spsnmnv.sk,SK
erik,trebaticky,erik.trebaticky@spsnmnv.sk,SK
erik,tulak,erik.tulak@spsnmnv.sk,SK
erik,uher,erik.uher@spsnmnv.sk,SK
erika,sutovska,erika.sutovska@spsnmnv.sk,SK
ernest,stibranyi,ernest.stibranyi@spsnmnv.sk,SK
eva,jostakova,eva.jostakova@spsnmnv.sk,SK
fabian,dubec,fabian.dubec@spsnmnv.sk,SK
fedor,novomesky,fedor.novomesky@spsnmnv.sk,SK
ferko,mrkvicka,ferko.mrkvicka@spsnmnv.sk,SK
filip,bielik,filip.bielik@spsnmnv.sk,SK
filip,cabala,filip.cabala@spsnmnv.sk,SK
filip,cifersky,filip.cifersky@spsnmnv.sk,SK
filip,dlhy,filip.dlhy@spsnmnv.sk,SK
filip,gazo,filip.gazo@spsnmnv.sk,SK
filip,gropl,filip.gropl@spsnmnv.sk,SK
filip,havlicek,filip.havlicek@spsnmnv.sk,SK
filip,hradicky,filip.hradicky@spsnmnv.sk,SK
filip,janzo,filip.janzo@spsnmnv.sk,SK
filip,javorik,filip.javorik@spsnmnv.sk,SK
filip,kopunec,filip.kopunec@spsnmnv.sk,SK
filip,kucharovic,filip.kucharovic@spsnmnv.sk,SK
filip,kuruc,filip.kuruc@spsnmnv.sk,SK
filip,martak,filip.martak@spsnmnv.sk,SK
filip,melis,filip.melis@spsnmnv.sk,SK
filip,neuner,filip.neuner@spsnmnv.sk,SK
filip,petras,filip.petras@spsnmnv.sk,SK
filip,sramaty,filip.sramaty@spsnmnv.sk,SK
filip,sykora,filip.sykora@spsnmnv.sk,SK
francisciova,,francisciova.@spsnmnv.sk,SK
frantisek,ciesar,frantisek.ciesar@spsnmnv.sk,SK
frantisek,szamuel,frantisek.szamuel@spsnmnv.sk,SK
frederik,hrusovsky,frederik.hrusovsky@spsnmnv.sk,SK
frederik,jendrassak,frederik.jendrassak@spsnmnv.sk,SK
gabriel,fabian,gabriel.fabian@spsnmnv.sk,SK
gabriel,gajdos,gabriel.gajdos@spsnmnv.sk,SK
gabriel,grip,gabriel.grip@spsnmnv.sk,SK
gabriel,valusiak,gabriel.valusiak@spsnmnv.sk,SK
ivan,remias,ivan.remias@spsnmnv.sk,SK
ivan,brlej,ivan.brlej@spsnmnv.sk,SK
ivan,bryndza,ivan.bryndza@spsnmnv.sk,SK
ivan,jancovic,ivan.jancovic@spsnmnv.sk,SK
ivan,kollar,ivan.kollar@spsnmnv.sk,SK
ivan,lacko,ivan.lacko@spsnmnv.sk,SK
ivan,majernik,ivan.majernik@spsnmnv.sk,SK
ivan,rubanicky,ivan.rubanicky@spsnmnv.sk,SK
ivan,verner,ivan.verner@spsnmnv.sk,SK
ivan,zamecnik,ivan.zamecnik@spsnmnv.sk,SK
ivana,blum,ivana.blum@spsnmnv.sk,SK
ivana,gonova,ivana.gonova@spsnmnv.sk,SK
iveta,mrocekova,iveta.mrocekova@spsnmnv.sk,SK
iveta,ondeickova,iveta.ondeickova@spsnmnv.sk,SK
jakub,adamcik,jakub.adamcik@spsnmnv.sk,SK
jakub,cira,jakub.cira@spsnmnv.sk,SK
jakub,danihel,jakub.danihel@spsnmnv.sk,SK
jakub,dedik,jakub.dedik@spsnmnv.sk,SK
jakub,duzek,jakub.duzek@spsnmnv.sk,SK
jakub,dvorsky,jakub.dvorsky@spsnmnv.sk,SK
jakub,gazo,jakub.gazo@spsnmnv.sk,SK
jakub,gibastik,jakub.gibastik@spsnmnv.sk,SK
jakub,harustiak,jakub.harustiak@spsnmnv.sk,SK
jakub,haviernik,jakub.haviernik@spsnmnv.sk,SK
jakub,hruby,jakub.hruby@spsnmnv.sk,SK
jakub,janega,jakub.janega@spsnmnv.sk,SK
jakub,jezovica,jakub.jezovica@spsnmnv.sk,SK
jakub,jurcacko,jakub.jurcacko@spsnmnv.sk,SK
jakub,jurica,jakub.jurica@spsnmnv.sk,SK
jakub,kalis,jakub.kalis@spsnmnv.sk,SK
jakub,kastil,jakub.kastil@spsnmnv.sk,SK
jakub,kovacovic,jakub.kovacovic@spsnmnv.sk,SK
jakub,lobotka,jakub.lobotka@spsnmnv.sk,SK
jakub,macuska,jakub.macuska@spsnmnv.sk,SK
jakub,martak,jakub.martak@spsnmnv.sk,SK
jakub,mihalik,jakub.mihalik@spsnmnv.sk,SK
jakub,michalec,jakub.michalec@spsnmnv.sk,SK
jakub,michalik,jakub.michalik@spsnmnv.sk,SK
jakub,ondrasik,jakub.ondrasik@spsnmnv.sk,SK
jakub,radosinsky,jakub.radosinsky@spsnmnv.sk,SK
jakub,selepak,jakub.selepak@spsnmnv.sk,SK
jakub,scheer,jakub.scheer@spsnmnv.sk,SK
jakub,stefanec,jakub.stefanec@spsnmnv.sk,SK
jakub,supka,jakub.supka@spsnmnv.sk,SK
jakub,sutovsky,jakub.sutovsky@spsnmnv.sk,SK
jakub,svacho,jakub.svacho@spsnmnv.sk,SK
jakub,vaclav,jakub.vaclav@spsnmnv.sk,SK
jakub,vanek,jakub.vanek@spsnmnv.sk,SK
jakub,vychlopen,jakub.vychlopen@spsnmnv.sk,SK
jakub,zelinka,jakub.zelinka@spsnmnv.sk,SK
jan,cibulka,jan.cibulka@spsnmnv.sk,SK
jan,fandro,jan.fandro@spsnmnv.sk,SK
jan,anina,jan.anina@spsnmnv.sk,SK
jan,bielcik,jan.bielcik@spsnmnv.sk,SK
jan,bizon,jan.bizon@spsnmnv.sk,SK
jan,cerny,jan.cerny@spsnmnv.sk,SK
jan,drha,jan.drha@spsnmnv.sk,SK
jan,grek,jan.grek@spsnmnv.sk,SK
jan,halacek,jan.halacek@spsnmnv.sk,SK
jan,janco,jan.janco@spsnmnv.sk,SK
jan,kollar,jan.kollar@spsnmnv.sk,SK
jan,matejik,jan.matejik@spsnmnv.sk,SK
jan,michalec,jan.michalec@spsnmnv.sk,SK
jan,sevcik,jan.sevcik@spsnmnv.sk,SK
jan,trebaticky,jan.trebaticky@spsnmnv.sk,SK
jana,slavikova,jana.slavikova@spsnmnv.sk,SK
jana,steklerova,jana.steklerova@spsnmnv.sk,SK
jana,uramova,jana.uramova@spsnmnv.sk,SK
jana,babiarova,jana.babiarova@spsnmnv.sk,SK
jana,martakova,jana.martakova@spsnmnv.sk,SK
janka,babiarova,janka.babiarova@spsnmnv.sk,SK
janka,gabova,janka.gabova@spsnmnv.sk,SK
jaroslav,lysak,jaroslav.lysak@spsnmnv.sk,SK
jaroslav,nad,jaroslav.nad@spsnmnv.sk,SK
jaroslav,zoldfay,jaroslav.zoldfay@spsnmnv.sk,SK
jaroslav,marcek,jaroslav.marcek@spsnmnv.sk,SK
jaroslav,pastorek,jaroslav.pastorek@spsnmnv.sk,SK
jaroslav,sandor,jaroslav.sandor@spsnmnv.sk,SK
jozef,benech,jozef.benech@spsnmnv.sk,SK
jozef,bunbal,jozef.bunbal@spsnmnv.sk,SK
jozef,porubsky,jozef.porubsky@spsnmnv.sk,SK
jozef,dobias,jozef.dobias@spsnmnv.sk,SK
jozef,hruska,jozef.hruska@spsnmnv.sk,SK
jozef,hulvak,jozef.hulvak@spsnmnv.sk,SK
jozef,kratochvil,jozef.kratochvil@spsnmnv.sk,SK
jozef,vanek,jozef.vanek@spsnmnv.sk,SK
julia,gaborova,julia.gaborova@spsnmnv.sk,SK
juraj,hanus,juraj.hanus@spsnmnv.sk,SK
juraj,holec,juraj.holec@spsnmnv.sk,SK
juraj,juricek,juraj.juricek@spsnmnv.sk,SK
juraj,jurik,juraj.jurik@spsnmnv.sk,SK
juraj,kucek,juraj.kucek@spsnmnv.sk,SK
juraj,kyska,juraj.kyska@spsnmnv.sk,SK
juraj,petras,juraj.petras@spsnmnv.sk,SK
juraj,podhradsky,juraj.podhradsky@spsnmnv.sk,SK
juraj,tomko,juraj.tomko@spsnmnv.sk,SK
juraj,tuharsky,juraj.tuharsky@spsnmnv.sk,SK
juraj,volar,juraj.volar@spsnmnv.sk,SK
juraj,zak,juraj.zak@spsnmnv.sk,SK
kamil,durec,kamil.durec@spsnmnv.sk,SK
kamil,klimek,kamil.klimek@spsnmnv.sk,SK
kamil,kucera,kamil.kucera@spsnmnv.sk,SK
kamil,prokop,kamil.prokop@spsnmnv.sk,SK
kamil,zelo,kamil.zelo@spsnmnv.sk,SK
karin,hanzelova,karin.hanzelova@spsnmnv.sk,SK
karol,kazda,karol.kazda@spsnmnv.sk,SK
karol,cigna,karol.cigna@spsnmnv.sk,SK
karolina,dlha,karolina.dlha@spsnmnv.sk,SK
karolina,letasiova,karolina.letasiova@spsnmnv.sk,SK
katarina,bublava,katarina.bublava@spsnmnv.sk,SK
katarina,mihalikova,katarina.mihalikova@spsnmnv.sk,SK
katarina,turzova,katarina.turzova@spsnmnv.sk,SK
kerem,ivan,kerem.ivan@spsnmnv.sk,SK
kerim,bakiu,kerim.bakiu@spsnmnv.sk,SK
kevin,zimerman,kevin.zimerman@spsnmnv.sk,SK
klara,dusova,klara.dusova@spsnmnv.sk,SK
klaudia,habdakova,klaudia.habdakova@spsnmnv.sk,SK
klaudia,gulacova,klaudia.gulacova@spsnmnv.sk,SK
kristian,barbusin,kristian.barbusin@spsnmnv.sk,SK
kristian,belan,kristian.belan@spsnmnv.sk,SK
kristian,bielik,kristian.bielik@spsnmnv.sk,SK
kristian,cechvala,kristian.cechvala@spsnmnv.sk,SK
kristian,domin,kristian.domin@spsnmnv.sk,SK
kristian,grof,kristian.grof@spsnmnv.sk,SK
kristian,hrabovsky,kristian.hrabovsky@spsnmnv.sk,SK
kristian,chaban,kristian.chaban@spsnmnv.sk,SK
kristian,kacic,kristian.kacic@spsnmnv.sk,SK
kristian,kacmar,kristian.kacmar@spsnmnv.sk,SK
kristian,kopunec,kristian.kopunec@spsnmnv.sk,SK
kristian,markech,kristian.markech@spsnmnv.sk,SK
kristian,nemcek,kristian.nemcek@spsnmnv.sk,SK
kristian,ondica,kristian.ondica@spsnmnv.sk,SK
kristian,pavlovic,kristian.pavlovic@spsnmnv.sk,SK
kristian,placko,kristian.placko@spsnmnv.sk,SK
kristian,pospiech,kristian.pospiech@spsnmnv.sk,SK
kristian,praslicak,kristian.praslicak@spsnmnv.sk,SK
kristian,sramaty,kristian.sramaty@spsnmnv.sk,SK
kristian,stauder,kristian.stauder@spsnmnv.sk,SK
kristian,tomasik,kristian.tomasik@spsnmnv.sk,SK
kristof,nemy,kristof.nemy@spsnmnv.sk,SK
ladislav,hanzen,ladislav.hanzen@spsnmnv.sk,SK
laura,schonova,laura.schonova@spsnmnv.sk,SK
laura,svedkova,laura.svedkova@spsnmnv.sk,SK
lubica,gracikova,lubica.gracikova@spsnmnv.sk,SK
lubomir,nagy,lubomir.nagy@spsnmnv.sk,SK
lubomir,zubak,lubomir.zubak@spsnmnv.sk,SK
lubos,ivana,lubos.ivana@spsnmnv.sk,SK
lubos,buso,lubos.buso@spsnmnv.sk,SK
lubos,gono,lubos.gono@spsnmnv.sk,SK
lubos,chrenko,lubos.chrenko@spsnmnv.sk,SK
lubos,ilencik,lubos.ilencik@spsnmnv.sk,SK
lucia,kopolovicova,lucia.kopolovicova@spsnmnv.sk,SK
lucia,lachova,lucia.lachova@spsnmnv.sk,SK
lucia,valova,lucia.valova@spsnmnv.sk,SK
lukas,bednar,lukas.bednar@spsnmnv.sk,SK
lukas,behul,lukas.behul@spsnmnv.sk,SK
lukas,cech,lukas.cech@spsnmnv.sk,SK
lukas,dedik,lukas.dedik@spsnmnv.sk,SK
lukas,dizorzi,lukas.dizorzi@spsnmnv.sk,SK
lukas,facona,lukas.facona@spsnmnv.sk,SK
lukas,gabor,lukas.gabor@spsnmnv.sk,SK
lukas,gajdosech,lukas.gajdosech@spsnmnv.sk,SK
lukas,horcicak,lukas.horcicak@spsnmnv.sk,SK
lukas,chaben,lukas.chaben@spsnmnv.sk,SK
lukas,chudik,lukas.chudik@spsnmnv.sk,SK
lukas,kalis,lukas.kalis@spsnmnv.sk,SK
lukas,kepko,lukas.kepko@spsnmnv.sk,SK
lukas,kotleba,lukas.kotleba@spsnmnv.sk,SK
lukas,kovacovic,lukas.kovacovic@spsnmnv.sk,SK
lukas,lacko,lukas.lacko@spsnmnv.sk,SK
lukas,madara,lukas.madara@spsnmnv.sk,SK
lukas,marek,lukas.marek@spsnmnv.sk,SK
lukas,panak,lukas.panak@spsnmnv.sk,SK
lukas,pevny,lukas.pevny@spsnmnv.sk,SK
lukas,polonsky,lukas.polonsky@spsnmnv.sk,SK
lukas,schneider,lukas.schneider@spsnmnv.sk,SK
lukas,sicko,lukas.sicko@spsnmnv.sk,SK
lukas,simko,lukas.simko@spsnmnv.sk,SK
lukas,slosar,lukas.slosar@spsnmnv.sk,SK
lukas,straka,lukas.straka@spsnmnv.sk,SK
lukas,strapaty,lukas.strapaty@spsnmnv.sk,SK
lukas,tadlanek,lukas.tadlanek@spsnmnv.sk,SK
lukas,trusik,lukas.trusik@spsnmnv.sk,SK
lukas,verner,lukas.verner@spsnmnv.sk,SK
lukas,zemanik,lukas.zemanik@spsnmnv.sk,SK
marcel,arbet,marcel.arbet@spsnmnv.sk,SK
marcel,gondar,marcel.gondar@spsnmnv.sk,SK
marcel,jezko,marcel.jezko@spsnmnv.sk,SK
marcel,majerovic,marcel.majerovic@spsnmnv.sk,SK
marcel,zacek,marcel.zacek@spsnmnv.sk,SK
marcela,krizanova,marcela.krizanova@spsnmnv.sk,SK
marek,alusic,marek.alusic@spsnmnv.sk,SK
marek,banovsky,marek.banovsky@spsnmnv.sk,SK
marek,boljesik,marek.boljesik@spsnmnv.sk,SK
marek,cervenka,marek.cervenka@spsnmnv.sk,SK
marek,dedik,marek.dedik@spsnmnv.sk,SK
marek,dovina,marek.dovina@spsnmnv.sk,SK
marek,gondar,marek.gondar@spsnmnv.sk,SK
marek,hadbabny,marek.hadbabny@spsnmnv.sk,SK
marek,harustiak,marek.harustiak@spsnmnv.sk,SK
marek,kolencik,marek.kolencik@spsnmnv.sk,SK
marek,krchnavy,marek.krchnavy@spsnmnv.sk,SK
marek,lasso,marek.lasso@spsnmnv.sk,SK
marek,lukac,marek.lukac@spsnmnv.sk,SK
marek,minarik,marek.minarik@spsnmnv.sk,SK
marek,nedbal,marek.nedbal@spsnmnv.sk,SK
marek,olos,marek.olos@spsnmnv.sk,SK
marek,ondrejka,marek.ondrejka@spsnmnv.sk,SK
marek,orvisky,marek.orvisky@spsnmnv.sk,SK
marek,patnicky,marek.patnicky@spsnmnv.sk,SK
marek,podstavek,marek.podstavek@spsnmnv.sk,SK
marek,rybarik,marek.rybarik@spsnmnv.sk,SK
marek,sevcik,marek.sevcik@spsnmnv.sk,SK
marek,skyta,marek.skyta@spsnmnv.sk,SK
marek,surovcik,marek.surovcik@spsnmnv.sk,SK
marek,trchala,marek.trchala@spsnmnv.sk,SK
marek,vasura,marek.vasura@spsnmnv.sk,SK
marek,vendzur,marek.vendzur@spsnmnv.sk,SK
marek,zelenak,marek.zelenak@spsnmnv.sk,SK
marek,zemanovic,marek.zemanovic@spsnmnv.sk,SK
maria,iliev,maria.iliev@spsnmnv.sk,SK
marian,dovina,marian.dovina@spsnmnv.sk,SK
marian,frano,marian.frano@spsnmnv.sk,SK
marian,chorvat,marian.chorvat@spsnmnv.sk,SK
marian,klincuch,marian.klincuch@spsnmnv.sk,SK
marian,martinus,marian.martinus@spsnmnv.sk,SK
marian,mikoczy,marian.mikoczy@spsnmnv.sk,SK
marian,mitanek,marian.mitanek@spsnmnv.sk,SK
marian,ondrejovic,marian.ondrejovic@spsnmnv.sk,SK
marian,pisca,marian.pisca@spsnmnv.sk,SK
marian,plesnik,marian.plesnik@spsnmnv.sk,SK
marian,valo,marian.valo@spsnmnv.sk,SK
marian,vranak,marian.vranak@spsnmnv.sk,SK
marika,holcova,marika.holcova@spsnmnv.sk,SK
mario,cikel,mario.cikel@spsnmnv.sk,SK
mario,duricha,mario.duricha@spsnmnv.sk,SK
mario,jakubek,mario.jakubek@spsnmnv.sk,SK
mario,jelenak,mario.jelenak@spsnmnv.sk,SK
mario,kubovy,mario.kubovy@spsnmnv.sk,SK
mario,neugebauer,mario.neugebauer@spsnmnv.sk,SK
mario,podolan,mario.podolan@spsnmnv.sk,SK
mario,sahaj,mario.sahaj@spsnmnv.sk,SK
mario,spanik,mario.spanik@spsnmnv.sk,SK
maros,guzinak,maros.guzinak@spsnmnv.sk,SK
maros,herman,maros.herman@spsnmnv.sk,SK
maros,kanalos,maros.kanalos@spsnmnv.sk,SK
maros,sevcek,maros.sevcek@spsnmnv.sk,SK
marta,drabova,marta.drabova@spsnmnv.sk,SK
marta,murgasova,marta.murgasova@spsnmnv.sk,SK
martin,fabian,martin.fabian@spsnmnv.sk,SK
martin,andrasik,martin.andrasik@spsnmnv.sk,SK
martin,balaj,martin.balaj@spsnmnv.sk,SK
martin,barnik,martin.barnik@spsnmnv.sk,SK
martin,bartek,martin.bartek@spsnmnv.sk,SK
martin,blasko,martin.blasko@spsnmnv.sk,SK
martin,bocak,martin.bocak@spsnmnv.sk,SK
martin,bryndza,martin.bryndza@spsnmnv.sk,SK
martin,csillagi,martin.csillagi@spsnmnv.sk,SK
martin,fabian9,martin.fabian9@spsnmnv.sk,SK
martin,fellmayer,martin.fellmayer@spsnmnv.sk,SK
martin,fiala,martin.fiala@spsnmnv.sk,SK
martin,frano,martin.frano@spsnmnv.sk,SK
martin,galani,martin.galani@spsnmnv.sk,SK
martin,gubala,martin.gubala@spsnmnv.sk,SK
martin,hanzlik,martin.hanzlik@spsnmnv.sk,SK
martin,harustiak,martin.harustiak@spsnmnv.sk,SK
martin,hlatky,martin.hlatky@spsnmnv.sk,SK
martin,holic,martin.holic@spsnmnv.sk,SK
martin,hradel,martin.hradel@spsnmnv.sk,SK
martin,hrasko,martin.hrasko@spsnmnv.sk,SK
martin,chamuty,martin.chamuty@spsnmnv.sk,SK
martin,ilencik,martin.ilencik@spsnmnv.sk,SK
martin,kacmar,martin.kacmar@spsnmnv.sk,SK
martin,kollar,martin.kollar@spsnmnv.sk,SK
martin,kopetka,martin.kopetka@spsnmnv.sk,SK
martin,koren,martin.koren@spsnmnv.sk,SK
martin,kramarovic,martin.kramarovic@spsnmnv.sk,SK
martin,kristof,martin.kristof@spsnmnv.sk,SK
martin,kucek,martin.kucek@spsnmnv.sk,SK
martin,kudela,martin.kudela@spsnmnv.sk,SK
martin,kutaj,martin.kutaj@spsnmnv.sk,SK
martin,majdis,martin.majdis@spsnmnv.sk,SK
martin,majzel,martin.majzel@spsnmnv.sk,SK
martin,matava,martin.matava@spsnmnv.sk,SK
martin,mesenec,martin.mesenec@spsnmnv.sk,SK
martin,mikus,martin.mikus@spsnmnv.sk,SK
martin,mistina,martin.mistina@spsnmnv.sk,SK
martin,mitac,martin.mitac@spsnmnv.sk,SK
martin,mojzis,martin.mojzis@spsnmnv.sk,SK
martin,muca,martin.muca@spsnmnv.sk,SK
martin,navratil,martin.navratil@spsnmnv.sk,SK
martin,pavolka,martin.pavolka@spsnmnv.sk,SK
martin,pekarovic,martin.pekarovic@spsnmnv.sk,SK
martin,podolan,martin.podolan@spsnmnv.sk,SK
martin,samborsky,martin.samborsky@spsnmnv.sk,SK
martin,sebik,martin.sebik@spsnmnv.sk,SK
martin,seliga,martin.seliga@spsnmnv.sk,SK
martin,srnec,martin.srnec@spsnmnv.sk,SK
martin,stefanik,martin.stefanik@spsnmnv.sk,SK
martin,strapaty,martin.strapaty@spsnmnv.sk,SK
martin,sulgan,martin.sulgan@spsnmnv.sk,SK
martin,svacho,martin.svacho@spsnmnv.sk,SK
martin,sykora,martin.sykora@spsnmnv.sk,SK
martin,tison,martin.tison@spsnmnv.sk,SK
martin,topolsky,martin.topolsky@spsnmnv.sk,SK
martin,valo,martin.valo@spsnmnv.sk,SK
martin,volar,martin.volar@spsnmnv.sk,SK
martin,zemko,martin.zemko@spsnmnv.sk,SK
martina,cenknerova,martina.cenknerova@spsnmnv.sk,SK
matej,adaska,matej.adaska@spsnmnv.sk,SK
matej,balaj,matej.balaj@spsnmnv.sk,SK
matej,benus,matej.benus@spsnmnv.sk,SK
matej,borcovan,matej.borcovan@spsnmnv.sk,SK
matej,brdo,matej.brdo@spsnmnv.sk,SK
matej,cagala,matej.cagala@spsnmnv.sk,SK
matej,cehak,matej.cehak@spsnmnv.sk,SK
matej,cervenka,matej.cervenka@spsnmnv.sk,SK
matej,dujka,matej.dujka@spsnmnv.sk,SK
matej,dvoran,matej.dvoran@spsnmnv.sk,SK
matej,dzibela,matej.dzibela@spsnmnv.sk,SK
matej,dzurak,matej.dzurak@spsnmnv.sk,SK
matej,gabor,matej.gabor@spsnmnv.sk,SK
matej,hagara,matej.hagara@spsnmnv.sk,SK
matej,hajdu,matej.hajdu@spsnmnv.sk,SK
matej,chudy,matej.chudy@spsnmnv.sk,SK
matej,koca,matej.koca@spsnmnv.sk,SK
matej,kolesar,matej.kolesar@spsnmnv.sk,SK
matej,kopolovic,matej.kopolovic@spsnmnv.sk,SK
matej,kozacik,matej.kozacik@spsnmnv.sk,SK
matej,krsnak,matej.krsnak@spsnmnv.sk,SK
matej,kuchta,matej.kuchta@spsnmnv.sk,SK
matej,malar,matej.malar@spsnmnv.sk,SK
matej,margala,matej.margala@spsnmnv.sk,SK
matej,matyas,matej.matyas@spsnmnv.sk,SK
matej,melis,matej.melis@spsnmnv.sk,SK
matej,pikus,matej.pikus@spsnmnv.sk,SK
matej,plesnivy,matej.plesnivy@spsnmnv.sk,SK
matej,rehorcik,matej.rehorcik@spsnmnv.sk,SK
matej,selepak,matej.selepak@spsnmnv.sk,SK
matej,senkarcin,matej.senkarcin@spsnmnv.sk,SK
matej,sykora,matej.sykora@spsnmnv.sk,SK
matej,tekula,matej.tekula@spsnmnv.sk,SK
matej,usiak,matej.usiak@spsnmnv.sk,SK
matej,vrana,matej.vrana@spsnmnv.sk,SK
matus,adamkovic,matus.adamkovic@spsnmnv.sk,SK
matus,bobola,matus.bobola@spsnmnv.sk,SK
matus,dodek,matus.dodek@spsnmnv.sk,SK
matus,gasparik,matus.gasparik@spsnmnv.sk,SK
matus,gavenda,matus.gavenda@spsnmnv.sk,SK
matus,habdak,matus.habdak@spsnmnv.sk,SK
matus,holly,matus.holly@spsnmnv.sk,SK
matus,ivanka,matus.ivanka@spsnmnv.sk,SK
matus,jamrich,matus.jamrich@spsnmnv.sk,SK
matus,katrinec,matus.katrinec@spsnmnv.sk,SK
matus,klimek,matus.klimek@spsnmnv.sk,SK
matus,knava,matus.knava@spsnmnv.sk,SK
matus,kobelar,matus.kobelar@spsnmnv.sk,SK
matus,kocar,matus.kocar@spsnmnv.sk,SK
matus,kostolany,matus.kostolany@spsnmnv.sk,SK
matus,kuflik,matus.kuflik@spsnmnv.sk,SK
matus,kusenda,matus.kusenda@spsnmnv.sk,SK
matus,liska,matus.liska@spsnmnv.sk,SK
matus,lysak,matus.lysak@spsnmnv.sk,SK
matus,makovec,matus.makovec@spsnmnv.sk,SK
matus,martak,matus.martak@spsnmnv.sk,SK
matus,michalec,matus.michalec@spsnmnv.sk,SK
matus,michalik,matus.michalik@spsnmnv.sk,SK
matus,mitas,matus.mitas@spsnmnv.sk,SK
matus,motyka,matus.motyka@spsnmnv.sk,SK
matus,rigo,matus.rigo@spsnmnv.sk,SK
matus,savara,matus.savara@spsnmnv.sk,SK
matus,simko,matus.simko@spsnmnv.sk,SK
matus,slezacek,matus.slezacek@spsnmnv.sk,SK
matus,uhrik,matus.uhrik@spsnmnv.sk,SK
matus,zakovic,matus.zakovic@spsnmnv.sk,SK
michael,kukuca,michael.kukuca@spsnmnv.sk,SK
michaela,kasparova,michaela.kasparova@spsnmnv.sk,SK
michaela,marcinech,michaela.marcinech@spsnmnv.sk,SK
michaela,plasienkova,michaela.plasienkova@spsnmnv.sk,SK
michail,cechvala,michail.cechvala@spsnmnv.sk,SK
michal,hnat,michal.hnat@spsnmnv.sk,SK
michal,belani,michal.belani@spsnmnv.sk,SK
michal,briska,michal.briska@spsnmnv.sk,SK
michal,bulant,michal.bulant@spsnmnv.sk,SK
michal,duricha,michal.duricha@spsnmnv.sk,SK
michal,fabo,michal.fabo@spsnmnv.sk,SK
michal,halacek,michal.halacek@spsnmnv.sk,SK
michal,heldes,michal.heldes@spsnmnv.sk,SK
michal,kotleba,michal.kotleba@spsnmnv.sk,SK
michal,krska,michal.krska@spsnmnv.sk,SK
michal,malicek,michal.malicek@spsnmnv.sk,SK
michal,mikeska,michal.mikeska@spsnmnv.sk,SK
michal,mrakava,michal.mrakava@spsnmnv.sk,SK
michal,paholek,michal.paholek@spsnmnv.sk,SK
michal,parak,michal.parak@spsnmnv.sk,SK
michal,rajcak,michal.rajcak@spsnmnv.sk,SK
michal,remias,michal.remias@spsnmnv.sk,SK
michal,satina,michal.satina@spsnmnv.sk,SK
michal,sikuda,michal.sikuda@spsnmnv.sk,SK
michal,srnec,michal.srnec@spsnmnv.sk,SK
michal,surovcik,michal.surovcik@spsnmnv.sk,SK
michal,sutovsky,michal.sutovsky@spsnmnv.sk,SK
michal,svehla,michal.svehla@spsnmnv.sk,SK
michal,zamecnik,michal.zamecnik@spsnmnv.sk,SK
milan,jurza,milan.jurza@spsnmnv.sk,SK
milan,lednicky,milan.lednicky@spsnmnv.sk,SK
milan,liptak,milan.liptak@spsnmnv.sk,SK
milan,duris,milan.duris@spsnmnv.sk,SK
milan,geci,milan.geci@spsnmnv.sk,SK
milan,petkanic,milan.petkanic@spsnmnv.sk,SK
milan,vicena,milan.vicena@spsnmnv.sk,SK
milena,tothova,milena.tothova@spsnmnv.sk,SK
milos,frindrich,milos.frindrich@spsnmnv.sk,SK
milos,gondar,milos.gondar@spsnmnv.sk,SK
milos,kovac,milos.kovac@spsnmnv.sk,SK
miriam,vidova,miriam.vidova@spsnmnv.sk,SK
miro,miko,miro.miko@spsnmnv.sk,SK
miroslav,gavor,miroslav.gavor@spsnmnv.sk,SK
miroslav,miko,miroslav.miko@spsnmnv.sk,SK
miroslav,buso,miroslav.buso@spsnmnv.sk,SK
miroslav,bolba,miroslav.bolba@spsnmnv.sk,SK
miroslav,hudec,miroslav.hudec@spsnmnv.sk,SK
miroslav,kopunec,miroslav.kopunec@spsnmnv.sk,SK
miroslav,kostelan,miroslav.kostelan@spsnmnv.sk,SK
miroslav,kostelansky,miroslav.kostelansky@spsnmnv.sk,SK
miroslav,markech,miroslav.markech@spsnmnv.sk,SK
miroslav,oravec,miroslav.oravec@spsnmnv.sk,SK
miroslav,ozimy,miroslav.ozimy@spsnmnv.sk,SK
miroslav,pisoja,miroslav.pisoja@spsnmnv.sk,SK
miroslav,rau,miroslav.rau@spsnmnv.sk,SK
miroslav,sevcik,miroslav.sevcik@spsnmnv.sk,SK
miroslava,boorova,miroslava.boorova@spsnmnv.sk,SK
miroslava,sadecka,miroslava.sadecka@spsnmnv.sk,SK
monika,adamkova,monika.adamkova@spsnmnv.sk,SK
monika,behulova,monika.behulova@spsnmnv.sk,SK
natalia,gulacova,natalia.gulacova@spsnmnv.sk,SK
natalia,kastilova,natalia.kastilova@spsnmnv.sk,SK
nicolas,depes,nicolas.depes@spsnmnv.sk,SK
nicolas,markech,nicolas.markech@spsnmnv.sk,SK
nikola,hradelova,nikola.hradelova@spsnmnv.sk,SK
nikola,kovacikova,nikola.kovacikova@spsnmnv.sk,SK
nikolaj,huzo,nikolaj.huzo@spsnmnv.sk,SK
nikolas,mikolaska,nikolas.mikolaska@spsnmnv.sk,SK
nikolas,janso,nikolas.janso@spsnmnv.sk,SK
nikolas,knazovcik,nikolas.knazovcik@spsnmnv.sk,SK
nikolas,kolnik,nikolas.kolnik@spsnmnv.sk,SK
nikolas,kvasnicka,nikolas.kvasnicka@spsnmnv.sk,SK
nikolas,rozvadsky,nikolas.rozvadsky@spsnmnv.sk,SK
nikolas,sidla,nikolas.sidla@spsnmnv.sk,SK
nikolas,sika,nikolas.sika@spsnmnv.sk,SK
nina,guricanova,nina.guricanova@spsnmnv.sk,SK
nina,prokopova,nina.prokopova@spsnmnv.sk,SK
oliver,dudik,oliver.dudik@spsnmnv.sk,SK
oliver,pastor,oliver.pastor@spsnmnv.sk,SK
oliver,tfirst,oliver.tfirst@spsnmnv.sk,SK
ondrej,ducky,ondrej.ducky@spsnmnv.sk,SK
ondrej,halas,ondrej.halas@spsnmnv.sk,SK
ondrej,beno,ondrej.beno@spsnmnv.sk,SK
ondrej,bobocky,ondrej.bobocky@spsnmnv.sk,SK
ondrej,bublavy,ondrej.bublavy@spsnmnv.sk,SK
ondrej,kovacik,ondrej.kovacik@spsnmnv.sk,SK
ondrej,skovajsa,ondrej.skovajsa@spsnmnv.sk,SK
ondrej,skrucany,ondrej.skrucany@spsnmnv.sk,SK
ondrej,zelibabka,ondrej.zelibabka@spsnmnv.sk,SK
patricia,kurucova,patricia.kurucova@spsnmnv.sk,SK
patricia,zuberova,patricia.zuberova@spsnmnv.sk,SK
patrik,barborik,patrik.barborik@spsnmnv.sk,SK
patrik,beno,patrik.beno@spsnmnv.sk,SK
patrik,breznicky,patrik.breznicky@spsnmnv.sk,SK
patrik,camara,patrik.camara@spsnmnv.sk,SK
patrik,cernak,patrik.cernak@spsnmnv.sk,SK
patrik,danek,patrik.danek@spsnmnv.sk,SK
patrik,dedik,patrik.dedik@spsnmnv.sk,SK
patrik,dolezel,patrik.dolezel@spsnmnv.sk,SK
patrik,fabo,patrik.fabo@spsnmnv.sk,SK
patrik,fiala,patrik.fiala@spsnmnv.sk,SK
patrik,gogol,patrik.gogol@spsnmnv.sk,SK
patrik,gono,patrik.gono@spsnmnv.sk,SK
patrik,halgas,patrik.halgas@spsnmnv.sk,SK
patrik,harmady,patrik.harmady@spsnmnv.sk,SK
patrik,hasala,patrik.hasala@spsnmnv.sk,SK
patrik,herak,patrik.herak@spsnmnv.sk,SK
patrik,holba,patrik.holba@spsnmnv.sk,SK
patrik,hriadel,patrik.hriadel@spsnmnv.sk,SK
patrik,hupcik,patrik.hupcik@spsnmnv.sk,SK
patrik,chupac,patrik.chupac@spsnmnv.sk,SK
patrik,jurak,patrik.jurak@spsnmnv.sk,SK
patrik,kadlec,patrik.kadlec@spsnmnv.sk,SK
patrik,krajca,patrik.krajca@spsnmnv.sk,SK
patrik,kramarik,patrik.kramarik@spsnmnv.sk,SK
patrik,kusovsky,patrik.kusovsky@spsnmnv.sk,SK
patrik,kuvik,patrik.kuvik@spsnmnv.sk,SK
patrik,macejka,patrik.macejka@spsnmnv.sk,SK
patrik,madila,patrik.madila@spsnmnv.sk,SK
patrik,margala,patrik.margala@spsnmnv.sk,SK
patrik,margetin,patrik.margetin@spsnmnv.sk,SK
patrik,marianek,patrik.marianek@spsnmnv.sk,SK
patrik,michalko,patrik.michalko@spsnmnv.sk,SK
patrik,mikus,patrik.mikus@spsnmnv.sk,SK
patrik,montemayor,patrik.montemayor@spsnmnv.sk,SK
patrik,mraz,patrik.mraz@spsnmnv.sk,SK
patrik,nedbal,patrik.nedbal@spsnmnv.sk,SK
patrik,olas,patrik.olas@spsnmnv.sk,SK
patrik,pisklak,patrik.pisklak@spsnmnv.sk,SK
patrik,pukl,patrik.pukl@spsnmnv.sk,SK
patrik,radosinsky,patrik.radosinsky@spsnmnv.sk,SK
patrik,rybarik,patrik.rybarik@spsnmnv.sk,SK
patrik,sadlon,patrik.sadlon@spsnmnv.sk,SK
patrik,sramek,patrik.sramek@spsnmnv.sk,SK
patrik,trebichavsky,patrik.trebichavsky@spsnmnv.sk,SK
patrik,vacval,patrik.vacval@spsnmnv.sk,SK
patrik,vrablik,patrik.vrablik@spsnmnv.sk,SK
patrik,ziska,patrik.ziska@spsnmnv.sk,SK
pavel,jerala,pavel.jerala@spsnmnv.sk,SK
pavol,krsak,pavol.krsak@spsnmnv.sk,SK
pavol,bolik,pavol.bolik@spsnmnv.sk,SK
pavol,bozik,pavol.bozik@spsnmnv.sk,SK
pavol,bulant,pavol.bulant@spsnmnv.sk,SK
pavol,cano,pavol.cano@spsnmnv.sk,SK
pavol,hummel,pavol.hummel@spsnmnv.sk,SK
pavol,huna,pavol.huna@spsnmnv.sk,SK
pavol,tamas,pavol.tamas@spsnmnv.sk,SK
pavol,tirsel,pavol.tirsel@spsnmnv.sk,SK
peter,rebro,peter.rebro@spsnmnv.sk,SK
peter,sloboda,peter.sloboda@spsnmnv.sk,SK
peter,bardy,peter.bardy@spsnmnv.sk,SK
peter,brndiar,peter.brndiar@spsnmnv.sk,SK
peter,buso,peter.buso@spsnmnv.sk,SK
peter,cavojsky,peter.cavojsky@spsnmnv.sk,SK
peter,cira,peter.cira@spsnmnv.sk,SK
peter,dovina,peter.dovina@spsnmnv.sk,SK
peter,drobnak,peter.drobnak@spsnmnv.sk,SK
peter,gabor,peter.gabor@spsnmnv.sk,SK
peter,gavalec,peter.gavalec@spsnmnv.sk,SK
peter,haviernik,peter.haviernik@spsnmnv.sk,SK
peter,kopunec,peter.kopunec@spsnmnv.sk,SK
peter,kostal,peter.kostal@spsnmnv.sk,SK
peter,kotrha,peter.kotrha@spsnmnv.sk,SK
peter,marcis,peter.marcis@spsnmnv.sk,SK
peter,palenik,peter.palenik@spsnmnv.sk,SK
peter,pastorek,peter.pastorek@spsnmnv.sk,SK
peter,psota,peter.psota@spsnmnv.sk,SK
peter,simna,peter.simna@spsnmnv.sk,SK
peter,sipula,peter.sipula@spsnmnv.sk,SK
peter,siva,peter.siva@spsnmnv.sk,SK
peter,skovajsa,peter.skovajsa@spsnmnv.sk,SK
peter,slavik,peter.slavik@spsnmnv.sk,SK
peter,surman,peter.surman@spsnmnv.sk,SK
peter,uhlik,peter.uhlik@spsnmnv.sk,SK
peter,urban,peter.urban@spsnmnv.sk,SK
peter,vaclav,peter.vaclav@spsnmnv.sk,SK
peter,vozokansky,peter.vozokansky@spsnmnv.sk,SK
petr,chmelik,petr.chmelik@spsnmnv.sk,SK
petra,kuckova,petra.kuckova@spsnmnv.sk,SK
petra,lobikova,petra.lobikova@spsnmnv.sk,SK
radoslav,bozon,radoslav.bozon@spsnmnv.sk,SK
radoslav,drobny,radoslav.drobny@spsnmnv.sk,SK
radoslav,jurik,radoslav.jurik@spsnmnv.sk,SK
radoslav,macejka,radoslav.macejka@spsnmnv.sk,SK
radoslav,pastorek,radoslav.pastorek@spsnmnv.sk,SK
radovan,kolecansky,radovan.kolecansky@spsnmnv.sk,SK
radovan,malo,radovan.malo@spsnmnv.sk,SK
radovan,sikuda,radovan.sikuda@spsnmnv.sk,SK
rastislav,dzibela,rastislav.dzibela@spsnmnv.sk,SK
rastislav,martak,rastislav.martak@spsnmnv.sk,SK
rastislav,moravcik,rastislav.moravcik@spsnmnv.sk,SK
rastislav,vasicek,rastislav.vasicek@spsnmnv.sk,SK
rene,kozon,rene.kozon@spsnmnv.sk,SK
rene,kralik,rene.kralik@spsnmnv.sk,SK
rene,luptak,rene.luptak@spsnmnv.sk,SK
richard,brazdil,richard.brazdil@spsnmnv.sk,SK
richard,dendis,richard.dendis@spsnmnv.sk,SK
richard,miko,richard.miko@spsnmnv.sk,SK
richard,pupak,richard.pupak@spsnmnv.sk,SK
richard,repa,richard.repa@spsnmnv.sk,SK
richard,sikuda,richard.sikuda@spsnmnv.sk,SK
richard,sirka,richard.sirka@spsnmnv.sk,SK
richard,uhrina,richard.uhrina@spsnmnv.sk,SK
richard,valent,richard.valent@spsnmnv.sk,SK
richard,vojta,richard.vojta@spsnmnv.sk,SK
robert,bradac,robert.bradac@spsnmnv.sk,SK
robert,hlozka,robert.hlozka@spsnmnv.sk,SK
robert,palcut,robert.palcut@spsnmnv.sk,SK
robert,paulina,robert.paulina@spsnmnv.sk,SK
robert,pucek,robert.pucek@spsnmnv.sk,SK
roman,bakos,roman.bakos@spsnmnv.sk,SK
roman,kadlec,roman.kadlec@spsnmnv.sk,SK
roman,krocil,roman.krocil@spsnmnv.sk,SK
roman,kukuca,roman.kukuca@spsnmnv.sk,SK
roman,madara,roman.madara@spsnmnv.sk,SK
roman,turek,roman.turek@spsnmnv.sk,SK
rostyslav,berber,rostyslav.berber@spsnmnv.sk,SK
rudolf,curaj,rudolf.curaj@spsnmnv.sk,SK
rudolf,kovacik,rudolf.kovacik@spsnmnv.sk,SK
rudolf,riecicky,rudolf.riecicky@spsnmnv.sk,SK
sabina,malikova,sabina.malikova@spsnmnv.sk,SK
samuel,beran,samuel.beran@spsnmnv.sk,SK
samuel,bugala,samuel.bugala@spsnmnv.sk,SK
samuel,bumbal,samuel.bumbal@spsnmnv.sk,SK
samuel,cervenan,samuel.cervenan@spsnmnv.sk,SK
samuel,didek,samuel.didek@spsnmnv.sk,SK
samuel,duha,samuel.duha@spsnmnv.sk,SK
samuel,gestinger,samuel.gestinger@spsnmnv.sk,SK
samuel,hecko,samuel.hecko@spsnmnv.sk,SK
samuel,helbych,samuel.helbych@spsnmnv.sk,SK
samuel,charvat,samuel.charvat@spsnmnv.sk,SK
samuel,chudy,samuel.chudy@spsnmnv.sk,SK
samuel,chupac,samuel.chupac@spsnmnv.sk,SK
samuel,jambor,samuel.jambor@spsnmnv.sk,SK
samuel,jamrich,samuel.jamrich@spsnmnv.sk,SK
samuel,jankech,samuel.jankech@spsnmnv.sk,SK
samuel,jarosciak,samuel.jarosciak@spsnmnv.sk,SK
samuel,kostal,samuel.kostal@spsnmnv.sk,SK
samuel,kukan,samuel.kukan@spsnmnv.sk,SK
samuel,lobik,samuel.lobik@spsnmnv.sk,SK
samuel,madzo,samuel.madzo@spsnmnv.sk,SK
samuel,majdis,samuel.majdis@spsnmnv.sk,SK
samuel,masarik,samuel.masarik@spsnmnv.sk,SK
samuel,ondrejka,samuel.ondrejka@spsnmnv.sk,SK
samuel,paucin,samuel.paucin@spsnmnv.sk,SK
samuel,strba,samuel.strba@spsnmnv.sk,SK
samuel,vranak,samuel.vranak@spsnmnv.sk,SK
sandra,holicova,sandra.holicova@spsnmnv.sk,SK
sebastian,frano,sebastian.frano@spsnmnv.sk,SK
sebastian,hadbabny,sebastian.hadbabny@spsnmnv.sk,SK
sebastian,kosa,sebastian.kosa@spsnmnv.sk,SK
sebastian,kovac,sebastian.kovac@spsnmnv.sk,SK
sebastian,krasicky,sebastian.krasicky@spsnmnv.sk,SK
sebastian,lauko,sebastian.lauko@spsnmnv.sk,SK
sebastian,skoluda,sebastian.skoluda@spsnmnv.sk,SK
sebastian,stauder,sebastian.stauder@spsnmnv.sk,SK
sekretariat,sekretariat,sekretariat.sekretariat@spsnmnv.sk,SK
simon,adamcik,simon.adamcik@spsnmnv.sk,SK
simon,benka,simon.benka@spsnmnv.sk,SK
simon,cano,simon.cano@spsnmnv.sk,SK
simon,celko,simon.celko@spsnmnv.sk,SK
simon,kisac,simon.kisac@spsnmnv.sk,SK
simon,kucek,simon.kucek@spsnmnv.sk,SK
simon,kucharovic,simon.kucharovic@spsnmnv.sk,SK
simon,kunik,simon.kunik@spsnmnv.sk,SK
simon,martak,simon.martak@spsnmnv.sk,SK
simon,ondracka,simon.ondracka@spsnmnv.sk,SK
simon,pecka,simon.pecka@spsnmnv.sk,SK
simon,piller,simon.piller@spsnmnv.sk,SK
simon,rabatin,simon.rabatin@spsnmnv.sk,SK
simon,sedlacek,simon.sedlacek@spsnmnv.sk,SK
simon,skovajsa,simon.skovajsa@spsnmnv.sk,SK
simon,sprtel,simon.sprtel@spsnmnv.sk,SK
simon,torak,simon.torak@spsnmnv.sk,SK
simon,valovic,simon.valovic@spsnmnv.sk,SK
simon,vojtek,simon.vojtek@spsnmnv.sk,SK
simona,kurhajcova,simona.kurhajcova@spsnmnv.sk,SK
sona,busova,sona.busova@spsnmnv.sk,SK
stanislav,kobylka,stanislav.kobylka@spsnmnv.sk,SK
stanislav,gabris,stanislav.gabris@spsnmnv.sk,SK
stanislav,morvai,stanislav.morvai@spsnmnv.sk,SK
stanislav,tyzner,stanislav.tyzner@spsnmnv.sk,SK
stanislav,varnai,stanislav.varnai@spsnmnv.sk,SK
stefan,surovcik,stefan.surovcik@spsnmnv.sk,SK
stefan,bajdik,stefan.bajdik@spsnmnv.sk,SK
thomas,povazsky,thomas.povazsky@spsnmnv.sk,SK
timotej,augustin,timotej.augustin@spsnmnv.sk,SK
timotej,bohaciak,timotej.bohaciak@spsnmnv.sk,SK
timotej,cigna,timotej.cigna@spsnmnv.sk,SK
timotej,duha,timotej.duha@spsnmnv.sk,SK
timotej,miklovic,timotej.miklovic@spsnmnv.sk,SK
timotej,nozina,timotej.nozina@spsnmnv.sk,SK
timotej,ondrasik,timotej.ondrasik@spsnmnv.sk,SK
timotej,remis,timotej.remis@spsnmnv.sk,SK
tobias,simo,tobias.simo@spsnmnv.sk,SK
tomas,bednar,tomas.bednar@spsnmnv.sk,SK
tomas,blaho,tomas.blaho@spsnmnv.sk,SK
tomas,bokor,tomas.bokor@spsnmnv.sk,SK
tomas,bumbal,tomas.bumbal@spsnmnv.sk,SK
tomas,capos,tomas.capos@spsnmnv.sk,SK
tomas,cicko,tomas.cicko@spsnmnv.sk,SK
tomas,dudasik,tomas.dudasik@spsnmnv.sk,SK
tomas,dzurak,tomas.dzurak@spsnmnv.sk,SK
tomas,galbavy,tomas.galbavy@spsnmnv.sk,SK
tomas,jezovica,tomas.jezovica@spsnmnv.sk,SK
tomas,macica,tomas.macica@spsnmnv.sk,SK
tomas,mackovic,tomas.mackovic@spsnmnv.sk,SK
tomas,malik,tomas.malik@spsnmnv.sk,SK
tomas,marinica,tomas.marinica@spsnmnv.sk,SK
tomas,meravy,tomas.meravy@spsnmnv.sk,SK
tomas,mikusat,tomas.mikusat@spsnmnv.sk,SK
tomas,noga,tomas.noga@spsnmnv.sk,SK
tomas,repa,tomas.repa@spsnmnv.sk,SK
tomas,sedlak,tomas.sedlak@spsnmnv.sk,SK
tomas,sicko,tomas.sicko@spsnmnv.sk,SK
tomas,skala,tomas.skala@spsnmnv.sk,SK
tomas,slezacek,tomas.slezacek@spsnmnv.sk,SK
tomas,straka,tomas.straka@spsnmnv.sk,SK
tomas,trebichavsky,tomas.trebichavsky@spsnmnv.sk,SK
tomas,uhrik,tomas.uhrik@spsnmnv.sk,SK
tomas,zak,tomas.zak@spsnmnv.sk,SK
tomas,zakovic,tomas.zakovic@spsnmnv.sk,SK
tomas,zemko,tomas.zemko@spsnmnv.sk,SK
valerie,polackova,valerie.polackova@spsnmnv.sk,SK
vanesa,homolova,vanesa.homolova@spsnmnv.sk,SK
veronika,kepshova,veronika.kepshova@spsnmnv.sk,SK
viera,bohusova,viera.bohusova@spsnmnv.sk,SK
viera,brezinska,viera.brezinska@spsnmnv.sk,SK
viera,skoludova,viera.skoludova@spsnmnv.sk,SK
viktor,stano,viktor.stano@spsnmnv.sk,SK
viliam,herak,viliam.herak@spsnmnv.sk,SK
vincent,kippel,vincent.kippel@spsnmnv.sk,SK
vladimir,habarda,vladimir.habarda@spsnmnv.sk,SK
vladimir,macko,vladimir.macko@spsnmnv.sk,SK
vratnica,vratnica,vratnica.vratnica@spsnmnv.sk,SK
xenia,seewaldova,xenia.seewaldova@spsnmnv.sk,SK
zdena,madrova,zdena.madrova@spsnmnv.sk,SK
zlatica,balonova,zlatica.balonova@spsnmnv.sk,SK
zuzana,bielcikova,zuzana.bielcikova@spsnmnv.sk,SK
zuzana,panisova,zuzana.panisova@spsnmnv.sk,SK
zuzana,porubska,zuzana.porubska@spsnmnv.sk,SK
zuzana,rehorova,zuzana.rehorova@spsnmnv.sk,SK
zuzana,jurdova,zuzana.jurdova@spsnmnv.sk,SK
zuzana,neunerova,zuzana.neunerova@spsnmnv.sk,SK
